ID Sensor,ID Vaca,Longitud,Latitud,Fecha/Hora
1,1,-62.304799,-31.943592,2023-03-08T15:48:16.832Z
2,2,-62.429266,-31.901063,2023-03-08T15:48:16.832Z
3,3,-62.453256,-31.846773,2023-03-08T15:48:16.832Z
4,4,-62.343642,-31.856399,2023-03-08T15:48:16.832Z
5,5,-62.340254,-31.863452,2023-03-08T15:48:16.832Z
6,6,-62.294876,-31.895719,2023-03-08T15:48:16.832Z
7,7,-62.388912,-31.869011,2023-03-08T15:48:16.832Z
8,8,-62.444176,-31.926735,2023-03-08T15:48:16.832Z
9,9,-62.427870,-31.905241,2023-03-08T15:48:16.832Z
10,10,-62.336677,-31.947313,2023-03-08T15:48:16.832Z
11,11,-62.273101,-31.913591,2023-03-08T15:48:16.832Z
12,12,-62.452533,-31.944477,2023-03-08T15:48:16.832Z
13,13,-62.361107,-31.916014,2023-03-08T15:48:16.832Z
14,14,-62.362484,-31.870791,2023-03-08T15:48:16.832Z
15,15,-62.388826,-31.866131,2023-03-08T15:48:16.832Z
16,16,-62.362147,-31.867822,2023-03-08T15:48:16.832Z
17,17,-62.305863,-31.912585,2023-03-08T15:48:16.832Z
18,18,-62.301254,-31.918402,2023-03-08T15:48:16.832Z
19,19,-62.369028,-31.951444,2023-03-08T15:48:16.832Z
20,20,-62.435160,-31.836100,2023-03-08T15:48:16.832Z
21,21,-62.451068,-31.933678,2023-03-08T15:48:16.832Z
22,22,-62.450227,-31.894445,2023-03-08T15:48:16.832Z
23,23,-62.337147,-31.913825,2023-03-08T15:48:16.832Z
24,24,-62.437549,-31.935153,2023-03-08T15:48:16.832Z
25,25,-62.368247,-31.912297,2023-03-08T15:48:16.832Z
26,26,-62.286014,-31.949629,2023-03-08T15:48:16.832Z
27,27,-62.317853,-31.843114,2023-03-08T15:48:16.832Z
28,28,-62.427686,-31.928912,2023-03-08T15:48:16.832Z
29,29,-62.336308,-31.941282,2023-03-08T15:48:16.832Z
30,30,-62.435472,-31.932247,2023-03-08T15:48:16.832Z
31,31,-62.461991,-31.849175,2023-03-08T15:48:16.832Z
32,32,-62.314775,-31.853474,2023-03-08T15:48:16.832Z
33,33,-62.341802,-31.906748,2023-03-08T15:48:16.832Z
34,34,-62.292713,-31.842870,2023-03-08T15:48:16.832Z
35,35,-62.302192,-31.912909,2023-03-08T15:48:16.832Z
36,36,-62.463640,-31.882956,2023-03-08T15:48:16.832Z
37,37,-62.294580,-31.896895,2023-03-08T15:48:16.832Z
38,38,-62.275274,-31.932608,2023-03-08T15:48:16.832Z
39,39,-62.429944,-31.889900,2023-03-08T15:48:16.832Z
40,40,-62.466326,-31.940964,2023-03-08T15:48:16.832Z
41,41,-62.434609,-31.945883,2023-03-08T15:48:16.832Z
42,42,-62.326372,-31.867564,2023-03-08T15:48:16.832Z
43,43,-62.272434,-31.907526,2023-03-08T15:48:16.832Z
44,44,-62.272112,-31.918248,2023-03-08T15:48:16.832Z
45,45,-62.320639,-31.883860,2023-03-08T15:48:16.832Z
46,46,-62.314342,-31.933442,2023-03-08T15:48:16.832Z
47,47,-62.385133,-31.919518,2023-03-08T15:48:16.832Z
48,48,-62.384540,-31.944057,2023-03-08T15:48:16.832Z
49,49,-62.341240,-31.865804,2023-03-08T15:48:16.832Z
50,50,-62.447323,-31.877959,2023-03-08T15:48:16.832Z
51,51,-62.454188,-31.895988,2023-03-08T15:48:16.832Z
52,52,-62.366554,-31.949868,2023-03-08T15:48:16.832Z
53,53,-62.373709,-31.937176,2023-03-08T15:48:16.832Z
54,54,-62.425821,-31.930679,2023-03-08T15:48:16.832Z
55,55,-62.280049,-31.892520,2023-03-08T15:48:16.832Z
56,56,-62.403343,-31.938596,2023-03-08T15:48:16.832Z
57,57,-62.316834,-31.891147,2023-03-08T15:48:16.832Z
58,58,-62.314743,-31.894166,2023-03-08T15:48:16.832Z
59,59,-62.426840,-31.930600,2023-03-08T15:48:16.832Z
60,60,-62.311582,-31.904529,2023-03-08T15:48:16.832Z
61,61,-62.341030,-31.922686,2023-03-08T15:48:16.832Z
62,62,-62.448711,-31.949903,2023-03-08T15:48:16.832Z
63,63,-62.451230,-31.850845,2023-03-08T15:48:16.832Z
64,64,-62.331947,-31.858756,2023-03-08T15:48:16.832Z
65,65,-62.465197,-31.920596,2023-03-08T15:48:16.832Z
66,66,-62.387274,-31.918853,2023-03-08T15:48:16.832Z
67,67,-62.290209,-31.935641,2023-03-08T15:48:16.832Z
68,68,-62.446050,-31.857626,2023-03-08T15:48:16.832Z
69,69,-62.453985,-31.843419,2023-03-08T15:48:16.832Z
70,70,-62.394117,-31.898622,2023-03-08T15:48:16.832Z
71,71,-62.444926,-31.932338,2023-03-08T15:48:16.832Z
72,72,-62.355436,-31.854958,2023-03-08T15:48:16.832Z
73,73,-62.406225,-31.933360,2023-03-08T15:48:16.832Z
74,74,-62.320998,-31.930242,2023-03-08T15:48:16.832Z
75,75,-62.420674,-31.901620,2023-03-08T15:48:16.832Z
76,76,-62.334023,-31.939644,2023-03-08T15:48:16.832Z
77,77,-62.381672,-31.932598,2023-03-08T15:48:16.832Z
78,78,-62.294794,-31.940962,2023-03-08T15:48:16.832Z
79,79,-62.412022,-31.915896,2023-03-08T15:48:16.832Z
80,80,-62.418770,-31.931083,2023-03-08T15:48:16.832Z
81,81,-62.464871,-31.874509,2023-03-08T15:48:16.832Z
82,82,-62.420376,-31.841088,2023-03-08T15:48:16.832Z
83,83,-62.443919,-31.908515,2023-03-08T15:48:16.832Z
84,84,-62.377880,-31.945546,2023-03-08T15:48:16.832Z
85,85,-62.464145,-31.942541,2023-03-08T15:48:16.832Z
86,86,-62.275964,-31.844359,2023-03-08T15:48:16.832Z
87,87,-62.358409,-31.936436,2023-03-08T15:48:16.832Z
88,88,-62.392245,-31.861210,2023-03-08T15:48:16.832Z
89,89,-62.327926,-31.858506,2023-03-08T15:48:16.832Z
90,90,-62.424281,-31.885687,2023-03-08T15:48:16.832Z
91,91,-62.406127,-31.917826,2023-03-08T15:48:16.832Z
92,92,-62.379959,-31.893823,2023-03-08T15:48:16.833Z
93,93,-62.308329,-31.858243,2023-03-08T15:48:16.833Z
94,94,-62.429433,-31.865244,2023-03-08T15:48:16.833Z
95,95,-62.356835,-31.869376,2023-03-08T15:48:16.833Z
96,96,-62.365048,-31.930919,2023-03-08T15:48:16.833Z
97,97,-62.432088,-31.866307,2023-03-08T15:48:16.833Z
98,98,-62.324579,-31.912882,2023-03-08T15:48:16.833Z
99,99,-62.296654,-31.922030,2023-03-08T15:48:16.833Z
100,100,-62.425563,-31.856887,2023-03-08T15:48:16.833Z
101,101,-62.404664,-31.895123,2023-03-08T15:48:16.833Z
102,102,-62.370870,-31.915085,2023-03-08T15:48:16.833Z
103,103,-62.407355,-31.941311,2023-03-08T15:48:16.833Z
104,104,-62.299279,-31.945265,2023-03-08T15:48:16.833Z
105,105,-62.372235,-31.851581,2023-03-08T15:48:16.833Z
106,106,-62.349360,-31.930659,2023-03-08T15:48:16.833Z
107,107,-62.451896,-31.933502,2023-03-08T15:48:16.833Z
108,108,-62.391029,-31.835734,2023-03-08T15:48:16.833Z
109,109,-62.326435,-31.847088,2023-03-08T15:48:16.833Z
110,110,-62.319304,-31.937132,2023-03-08T15:48:16.833Z
111,111,-62.393286,-31.950563,2023-03-08T15:48:16.833Z
112,112,-62.311933,-31.921903,2023-03-08T15:48:16.833Z
113,113,-62.298649,-31.903292,2023-03-08T15:48:16.833Z
114,114,-62.428621,-31.911496,2023-03-08T15:48:16.833Z
115,115,-62.292457,-31.920801,2023-03-08T15:48:16.833Z
116,116,-62.440469,-31.923626,2023-03-08T15:48:16.833Z
117,117,-62.410295,-31.933152,2023-03-08T15:48:16.833Z
118,118,-62.332931,-31.949165,2023-03-08T15:48:16.833Z
119,119,-62.272336,-31.889978,2023-03-08T15:48:16.833Z
120,120,-62.309902,-31.884556,2023-03-08T15:48:16.833Z
121,121,-62.458355,-31.879143,2023-03-08T15:48:16.833Z
122,122,-62.279232,-31.868428,2023-03-08T15:48:16.833Z
123,123,-62.272536,-31.866198,2023-03-08T15:48:16.833Z
124,124,-62.308274,-31.887209,2023-03-08T15:48:16.833Z
125,125,-62.300672,-31.913198,2023-03-08T15:48:16.833Z
126,126,-62.399273,-31.932022,2023-03-08T15:48:16.833Z
127,127,-62.436325,-31.921499,2023-03-08T15:48:16.833Z
128,128,-62.310224,-31.857765,2023-03-08T15:48:16.833Z
129,129,-62.334948,-31.908595,2023-03-08T15:48:16.833Z
130,130,-62.368738,-31.886240,2023-03-08T15:48:16.833Z
131,131,-62.315650,-31.894323,2023-03-08T15:48:16.833Z
132,132,-62.275021,-31.906044,2023-03-08T15:48:16.833Z
133,133,-62.340526,-31.865690,2023-03-08T15:48:16.833Z
134,134,-62.312120,-31.865614,2023-03-08T15:48:16.833Z
135,135,-62.442187,-31.930902,2023-03-08T15:48:16.833Z
136,136,-62.419485,-31.931485,2023-03-08T15:48:16.833Z
137,137,-62.304426,-31.948768,2023-03-08T15:48:16.833Z
138,138,-62.390572,-31.939076,2023-03-08T15:48:16.833Z
139,139,-62.318341,-31.879245,2023-03-08T15:48:16.833Z
140,140,-62.284392,-31.907956,2023-03-08T15:48:16.833Z
141,141,-62.318173,-31.889961,2023-03-08T15:48:16.833Z
142,142,-62.354078,-31.847544,2023-03-08T15:48:16.833Z
143,143,-62.454675,-31.889666,2023-03-08T15:48:16.833Z
144,144,-62.430988,-31.865589,2023-03-08T15:48:16.833Z
145,145,-62.346022,-31.842159,2023-03-08T15:48:16.833Z
146,146,-62.361553,-31.894289,2023-03-08T15:48:16.833Z
147,147,-62.440759,-31.877490,2023-03-08T15:48:16.833Z
148,148,-62.281837,-31.894294,2023-03-08T15:48:16.833Z
149,149,-62.418189,-31.931444,2023-03-08T15:48:16.833Z
150,150,-62.343197,-31.849060,2023-03-08T15:48:16.833Z
151,151,-62.365233,-31.837952,2023-03-08T15:48:16.833Z
152,152,-62.330323,-31.933579,2023-03-08T15:48:16.833Z
153,153,-62.456023,-31.894502,2023-03-08T15:48:16.833Z
154,154,-62.321394,-31.856434,2023-03-08T15:48:16.833Z
155,155,-62.276050,-31.881202,2023-03-08T15:48:16.833Z
156,156,-62.286725,-31.897009,2023-03-08T15:48:16.833Z
157,157,-62.273289,-31.905243,2023-03-08T15:48:16.833Z
158,158,-62.440180,-31.866444,2023-03-08T15:48:16.833Z
159,159,-62.359246,-31.847301,2023-03-08T15:48:16.833Z
160,160,-62.314664,-31.912420,2023-03-08T15:48:16.833Z
161,161,-62.399915,-31.874357,2023-03-08T15:48:16.833Z
162,162,-62.464935,-31.900977,2023-03-08T15:48:16.833Z
163,163,-62.316060,-31.912845,2023-03-08T15:48:16.833Z
164,164,-62.365315,-31.897800,2023-03-08T15:48:16.833Z
165,165,-62.461314,-31.880701,2023-03-08T15:48:16.833Z
166,166,-62.347209,-31.898457,2023-03-08T15:48:16.833Z
167,167,-62.364031,-31.843795,2023-03-08T15:48:16.833Z
168,168,-62.444238,-31.946502,2023-03-08T15:48:16.833Z
169,169,-62.366250,-31.925601,2023-03-08T15:48:16.833Z
170,170,-62.323279,-31.910675,2023-03-08T15:48:16.833Z
171,171,-62.441832,-31.951080,2023-03-08T15:48:16.833Z
172,172,-62.360668,-31.918079,2023-03-08T15:48:16.833Z
173,173,-62.303356,-31.879056,2023-03-08T15:48:16.833Z
174,174,-62.443126,-31.929235,2023-03-08T15:48:16.833Z
175,175,-62.423129,-31.835812,2023-03-08T15:48:16.833Z
176,176,-62.300292,-31.931249,2023-03-08T15:48:16.833Z
177,177,-62.404283,-31.921931,2023-03-08T15:48:16.833Z
178,178,-62.345778,-31.932859,2023-03-08T15:48:16.833Z
179,179,-62.320156,-31.894628,2023-03-08T15:48:16.833Z
180,180,-62.380153,-31.899018,2023-03-08T15:48:16.833Z
181,181,-62.360337,-31.860942,2023-03-08T15:48:16.833Z
182,182,-62.419490,-31.883169,2023-03-08T15:48:16.833Z
183,183,-62.375880,-31.842379,2023-03-08T15:48:16.833Z
184,184,-62.350078,-31.943655,2023-03-08T15:48:16.833Z
185,185,-62.294193,-31.887107,2023-03-08T15:48:16.833Z
186,186,-62.300662,-31.866793,2023-03-08T15:48:16.833Z
187,187,-62.284077,-31.847878,2023-03-08T15:48:16.833Z
188,188,-62.429379,-31.880706,2023-03-08T15:48:16.833Z
189,189,-62.386770,-31.850397,2023-03-08T15:48:16.833Z
190,190,-62.438259,-31.909196,2023-03-08T15:48:16.833Z
191,191,-62.447851,-31.851705,2023-03-08T15:48:16.833Z
192,192,-62.322584,-31.884270,2023-03-08T15:48:16.833Z
193,193,-62.466282,-31.863130,2023-03-08T15:48:16.833Z
194,194,-62.468223,-31.947744,2023-03-08T15:48:16.833Z
195,195,-62.303658,-31.932503,2023-03-08T15:48:16.833Z
196,196,-62.278939,-31.865116,2023-03-08T15:48:16.833Z
197,197,-62.416648,-31.934115,2023-03-08T15:48:16.833Z
198,198,-62.340881,-31.937969,2023-03-08T15:48:16.833Z
199,199,-62.467561,-31.919341,2023-03-08T15:48:16.833Z
200,200,-62.301320,-31.909054,2023-03-08T15:48:16.833Z
201,201,-62.413653,-31.936169,2023-03-08T15:48:16.833Z
202,202,-62.317951,-31.845479,2023-03-08T15:48:16.833Z
203,203,-62.460450,-31.858024,2023-03-08T15:48:16.833Z
204,204,-62.343166,-31.864362,2023-03-08T15:48:16.833Z
205,205,-62.421849,-31.887003,2023-03-08T15:48:16.833Z
206,206,-62.275982,-31.863604,2023-03-08T15:48:16.833Z
207,207,-62.452557,-31.841488,2023-03-08T15:48:16.833Z
208,208,-62.337073,-31.902386,2023-03-08T15:48:16.833Z
209,209,-62.439820,-31.890235,2023-03-08T15:48:16.833Z
210,210,-62.406248,-31.868259,2023-03-08T15:48:16.833Z
211,211,-62.456539,-31.895105,2023-03-08T15:48:16.833Z
212,212,-62.427416,-31.876177,2023-03-08T15:48:16.833Z
213,213,-62.443763,-31.930840,2023-03-08T15:48:16.833Z
214,214,-62.329380,-31.878936,2023-03-08T15:48:16.833Z
215,215,-62.453897,-31.838282,2023-03-08T15:48:16.833Z
216,216,-62.334378,-31.935614,2023-03-08T15:48:16.833Z
217,217,-62.302005,-31.940270,2023-03-08T15:48:16.833Z
218,218,-62.376660,-31.848824,2023-03-08T15:48:16.833Z
219,219,-62.397583,-31.948201,2023-03-08T15:48:16.833Z
220,220,-62.283229,-31.939865,2023-03-08T15:48:16.833Z
221,221,-62.394084,-31.848719,2023-03-08T15:48:16.833Z
222,222,-62.285295,-31.843582,2023-03-08T15:48:16.833Z
223,223,-62.274837,-31.838377,2023-03-08T15:48:16.833Z
224,224,-62.332549,-31.922728,2023-03-08T15:48:16.833Z
225,225,-62.354544,-31.944931,2023-03-08T15:48:16.833Z
226,226,-62.293719,-31.932383,2023-03-08T15:48:16.833Z
227,227,-62.301742,-31.837724,2023-03-08T15:48:16.833Z
228,228,-62.373122,-31.860446,2023-03-08T15:48:16.833Z
229,229,-62.387431,-31.875520,2023-03-08T15:48:16.833Z
230,230,-62.326473,-31.917473,2023-03-08T15:48:16.833Z
231,231,-62.335216,-31.872053,2023-03-08T15:48:16.833Z
232,232,-62.383963,-31.884633,2023-03-08T15:48:16.833Z
233,233,-62.311886,-31.942480,2023-03-08T15:48:16.833Z
234,234,-62.416014,-31.920126,2023-03-08T15:48:16.833Z
235,235,-62.425898,-31.918463,2023-03-08T15:48:16.833Z
236,236,-62.355094,-31.870759,2023-03-08T15:48:16.833Z
237,237,-62.457821,-31.894590,2023-03-08T15:48:16.833Z
238,238,-62.283290,-31.905389,2023-03-08T15:48:16.833Z
239,239,-62.450639,-31.886711,2023-03-08T15:48:16.833Z
240,240,-62.436396,-31.933050,2023-03-08T15:48:16.833Z
241,241,-62.274045,-31.908126,2023-03-08T15:48:16.833Z
242,242,-62.364416,-31.914764,2023-03-08T15:48:16.833Z
243,243,-62.399087,-31.901727,2023-03-08T15:48:16.833Z
244,244,-62.324897,-31.902688,2023-03-08T15:48:16.833Z
245,245,-62.277573,-31.926248,2023-03-08T15:48:16.833Z
246,246,-62.436627,-31.886884,2023-03-08T15:48:16.833Z
247,247,-62.282974,-31.876414,2023-03-08T15:48:16.833Z
248,248,-62.425314,-31.886944,2023-03-08T15:48:16.833Z
249,249,-62.433642,-31.887102,2023-03-08T15:48:16.833Z
250,250,-62.442311,-31.944390,2023-03-08T15:48:16.833Z
251,251,-62.356948,-31.847032,2023-03-08T15:48:16.833Z
252,252,-62.435679,-31.933246,2023-03-08T15:48:16.833Z
253,253,-62.385884,-31.904625,2023-03-08T15:48:16.833Z
254,254,-62.384024,-31.935786,2023-03-08T15:48:16.833Z
255,255,-62.339334,-31.856455,2023-03-08T15:48:16.833Z
256,256,-62.327699,-31.870879,2023-03-08T15:48:16.833Z
257,257,-62.301332,-31.945421,2023-03-08T15:48:16.833Z
258,258,-62.282959,-31.849309,2023-03-08T15:48:16.833Z
259,259,-62.470773,-31.895607,2023-03-08T15:48:16.833Z
260,260,-62.301658,-31.847165,2023-03-08T15:48:16.833Z
261,261,-62.341113,-31.862688,2023-03-08T15:48:16.833Z
262,262,-62.469849,-31.913565,2023-03-08T15:48:16.833Z
263,263,-62.424143,-31.933673,2023-03-08T15:48:16.833Z
264,264,-62.310502,-31.883885,2023-03-08T15:48:16.833Z
265,265,-62.398393,-31.835959,2023-03-08T15:48:16.833Z
266,266,-62.407974,-31.893965,2023-03-08T15:48:16.833Z
267,267,-62.292939,-31.863531,2023-03-08T15:48:16.833Z
268,268,-62.402461,-31.902166,2023-03-08T15:48:16.833Z
269,269,-62.358131,-31.903625,2023-03-08T15:48:16.833Z
270,270,-62.296816,-31.866749,2023-03-08T15:48:16.833Z
271,271,-62.274177,-31.913360,2023-03-08T15:48:16.833Z
272,272,-62.329634,-31.923467,2023-03-08T15:48:16.833Z
273,273,-62.365107,-31.887198,2023-03-08T15:48:16.833Z
274,274,-62.411641,-31.872696,2023-03-08T15:48:16.833Z
275,275,-62.282481,-31.925600,2023-03-08T15:48:16.833Z
276,276,-62.449361,-31.919897,2023-03-08T15:48:16.833Z
277,277,-62.445372,-31.891143,2023-03-08T15:48:16.833Z
278,278,-62.320057,-31.938515,2023-03-08T15:48:16.833Z
279,279,-62.414169,-31.895692,2023-03-08T15:48:16.833Z
280,280,-62.342258,-31.887333,2023-03-08T15:48:16.833Z
281,281,-62.462755,-31.835885,2023-03-08T15:48:16.833Z
282,282,-62.376711,-31.905983,2023-03-08T15:48:16.833Z
283,283,-62.312815,-31.918024,2023-03-08T15:48:16.833Z
284,284,-62.296276,-31.910306,2023-03-08T15:48:16.833Z
285,285,-62.283297,-31.950428,2023-03-08T15:48:16.833Z
286,286,-62.402678,-31.926206,2023-03-08T15:48:16.833Z
287,287,-62.392177,-31.887997,2023-03-08T15:48:16.833Z
288,288,-62.457596,-31.920168,2023-03-08T15:48:16.833Z
289,289,-62.364490,-31.892289,2023-03-08T15:48:16.833Z
290,290,-62.459286,-31.948635,2023-03-08T15:48:16.833Z
291,291,-62.443686,-31.928198,2023-03-08T15:48:16.833Z
292,292,-62.393150,-31.889493,2023-03-08T15:48:16.833Z
293,293,-62.369087,-31.902352,2023-03-08T15:48:16.833Z
294,294,-62.405762,-31.903980,2023-03-08T15:48:16.833Z
295,295,-62.358435,-31.927494,2023-03-08T15:48:16.833Z
296,296,-62.312875,-31.860392,2023-03-08T15:48:16.833Z
297,297,-62.347752,-31.837804,2023-03-08T15:48:16.833Z
298,298,-62.276207,-31.935803,2023-03-08T15:48:16.833Z
299,299,-62.447009,-31.850659,2023-03-08T15:48:16.833Z
300,300,-62.391117,-31.871639,2023-03-08T15:48:16.833Z
301,301,-62.380258,-31.878920,2023-03-08T15:48:16.833Z
302,302,-62.415113,-31.945465,2023-03-08T15:48:16.833Z
303,303,-62.379564,-31.852446,2023-03-08T15:48:16.833Z
304,304,-62.433450,-31.908053,2023-03-08T15:48:16.833Z
305,305,-62.283940,-31.948573,2023-03-08T15:48:16.833Z
306,306,-62.416788,-31.849478,2023-03-08T15:48:16.833Z
307,307,-62.360760,-31.856719,2023-03-08T15:48:16.833Z
308,308,-62.407243,-31.922967,2023-03-08T15:48:16.833Z
309,309,-62.457103,-31.876347,2023-03-08T15:48:16.833Z
310,310,-62.427444,-31.847915,2023-03-08T15:48:16.833Z
311,311,-62.299017,-31.942630,2023-03-08T15:48:16.833Z
312,312,-62.404878,-31.869147,2023-03-08T15:48:16.833Z
313,313,-62.287969,-31.857778,2023-03-08T15:48:16.833Z
314,314,-62.391701,-31.942683,2023-03-08T15:48:16.833Z
315,315,-62.434964,-31.918147,2023-03-08T15:48:16.833Z
316,316,-62.325911,-31.842313,2023-03-08T15:48:16.833Z
317,317,-62.297204,-31.862070,2023-03-08T15:48:16.833Z
318,318,-62.437552,-31.921986,2023-03-08T15:48:16.833Z
319,319,-62.470194,-31.901292,2023-03-08T15:48:16.833Z
320,320,-62.456187,-31.868257,2023-03-08T15:48:16.833Z
321,321,-62.459052,-31.942722,2023-03-08T15:48:16.833Z
322,322,-62.359634,-31.852269,2023-03-08T15:48:16.833Z
323,323,-62.306619,-31.924409,2023-03-08T15:48:16.833Z
324,324,-62.370898,-31.874763,2023-03-08T15:48:16.833Z
325,325,-62.368946,-31.839834,2023-03-08T15:48:16.833Z
326,326,-62.461360,-31.925653,2023-03-08T15:48:16.833Z
327,327,-62.469517,-31.867121,2023-03-08T15:48:16.833Z
328,328,-62.347545,-31.871641,2023-03-08T15:48:16.833Z
329,329,-62.375722,-31.937015,2023-03-08T15:48:16.833Z
330,330,-62.281760,-31.886439,2023-03-08T15:48:16.833Z
331,331,-62.387785,-31.939443,2023-03-08T15:48:16.833Z
332,332,-62.398267,-31.841364,2023-03-08T15:48:16.833Z
333,333,-62.309905,-31.888567,2023-03-08T15:48:16.833Z
334,334,-62.458572,-31.921640,2023-03-08T15:48:16.833Z
335,335,-62.419695,-31.939314,2023-03-08T15:48:16.833Z
336,336,-62.311478,-31.894039,2023-03-08T15:48:16.833Z
337,337,-62.304821,-31.946718,2023-03-08T15:48:16.833Z
338,338,-62.406324,-31.877081,2023-03-08T15:48:16.833Z
339,339,-62.323778,-31.898099,2023-03-08T15:48:16.833Z
340,340,-62.289795,-31.945704,2023-03-08T15:48:16.833Z
341,341,-62.288251,-31.899372,2023-03-08T15:48:16.833Z
342,342,-62.421992,-31.950423,2023-03-08T15:48:16.833Z
343,343,-62.391796,-31.843252,2023-03-08T15:48:16.833Z
344,344,-62.354479,-31.946512,2023-03-08T15:48:16.833Z
345,345,-62.278272,-31.927354,2023-03-08T15:48:16.833Z
346,346,-62.391299,-31.886195,2023-03-08T15:48:16.833Z
347,347,-62.299907,-31.861014,2023-03-08T15:48:16.833Z
348,348,-62.276190,-31.907438,2023-03-08T15:48:16.833Z
349,349,-62.435171,-31.862552,2023-03-08T15:48:16.833Z
350,350,-62.414466,-31.885059,2023-03-08T15:48:16.833Z
351,351,-62.305726,-31.943880,2023-03-08T15:48:16.833Z
352,352,-62.334077,-31.882340,2023-03-08T15:48:16.833Z
353,353,-62.415024,-31.914066,2023-03-08T15:48:16.833Z
354,354,-62.408291,-31.839717,2023-03-08T15:48:16.833Z
355,355,-62.309550,-31.867569,2023-03-08T15:48:16.833Z
356,356,-62.431047,-31.852013,2023-03-08T15:48:16.833Z
357,357,-62.372120,-31.937054,2023-03-08T15:48:16.833Z
358,358,-62.304856,-31.889703,2023-03-08T15:48:16.833Z
359,359,-62.316163,-31.838935,2023-03-08T15:48:16.833Z
360,360,-62.437862,-31.872860,2023-03-08T15:48:16.833Z
361,361,-62.461709,-31.928240,2023-03-08T15:48:16.833Z
362,362,-62.434122,-31.842084,2023-03-08T15:48:16.833Z
363,363,-62.453418,-31.850591,2023-03-08T15:48:16.833Z
364,364,-62.400661,-31.931174,2023-03-08T15:48:16.833Z
365,365,-62.311282,-31.920159,2023-03-08T15:48:16.833Z
366,366,-62.329467,-31.921111,2023-03-08T15:48:16.833Z
367,367,-62.293094,-31.870830,2023-03-08T15:48:16.833Z
368,368,-62.402943,-31.950840,2023-03-08T15:48:16.833Z
369,369,-62.388661,-31.884563,2023-03-08T15:48:16.833Z
370,370,-62.328329,-31.843801,2023-03-08T15:48:16.833Z
371,371,-62.312642,-31.861229,2023-03-08T15:48:16.833Z
372,372,-62.407594,-31.945453,2023-03-08T15:48:16.833Z
373,373,-62.413146,-31.862788,2023-03-08T15:48:16.833Z
374,374,-62.286113,-31.949571,2023-03-08T15:48:16.833Z
375,375,-62.314200,-31.912399,2023-03-08T15:48:16.833Z
376,376,-62.314997,-31.867628,2023-03-08T15:48:16.833Z
377,377,-62.297778,-31.913497,2023-03-08T15:48:16.833Z
378,378,-62.373148,-31.876921,2023-03-08T15:48:16.833Z
379,379,-62.316936,-31.888133,2023-03-08T15:48:16.833Z
380,380,-62.291333,-31.951483,2023-03-08T15:48:16.833Z
381,381,-62.470809,-31.922637,2023-03-08T15:48:16.833Z
382,382,-62.293574,-31.854991,2023-03-08T15:48:16.833Z
383,383,-62.395434,-31.924588,2023-03-08T15:48:16.833Z
384,384,-62.336169,-31.841051,2023-03-08T15:48:16.833Z
385,385,-62.314174,-31.895721,2023-03-08T15:48:16.833Z
386,386,-62.287225,-31.881798,2023-03-08T15:48:16.833Z
387,387,-62.399294,-31.914009,2023-03-08T15:48:16.833Z
388,388,-62.449105,-31.871084,2023-03-08T15:48:16.833Z
389,389,-62.275153,-31.894777,2023-03-08T15:48:16.833Z
390,390,-62.274987,-31.919428,2023-03-08T15:48:16.833Z
391,391,-62.292565,-31.890570,2023-03-08T15:48:16.833Z
392,392,-62.471974,-31.897734,2023-03-08T15:48:16.833Z
393,393,-62.325511,-31.894315,2023-03-08T15:48:16.833Z
394,394,-62.446693,-31.919689,2023-03-08T15:48:16.833Z
395,395,-62.345965,-31.904155,2023-03-08T15:48:16.833Z
396,396,-62.299334,-31.912667,2023-03-08T15:48:16.833Z
397,397,-62.325567,-31.851354,2023-03-08T15:48:16.833Z
398,398,-62.351267,-31.864383,2023-03-08T15:48:16.833Z
399,399,-62.375261,-31.851744,2023-03-08T15:48:16.833Z
400,400,-62.344744,-31.897202,2023-03-08T15:48:16.833Z
401,401,-62.301946,-31.868080,2023-03-08T15:48:16.833Z
402,402,-62.344929,-31.864334,2023-03-08T15:48:16.833Z
403,403,-62.447101,-31.847079,2023-03-08T15:48:16.833Z
404,404,-62.411421,-31.880124,2023-03-08T15:48:16.833Z
405,405,-62.302703,-31.897748,2023-03-08T15:48:16.833Z
406,406,-62.384200,-31.879324,2023-03-08T15:48:16.833Z
407,407,-62.348446,-31.843703,2023-03-08T15:48:16.833Z
408,408,-62.435752,-31.896684,2023-03-08T15:48:16.833Z
409,409,-62.342929,-31.843784,2023-03-08T15:48:16.833Z
410,410,-62.376579,-31.906309,2023-03-08T15:48:16.833Z
411,411,-62.340721,-31.874933,2023-03-08T15:48:16.833Z
412,412,-62.378592,-31.863125,2023-03-08T15:48:16.833Z
413,413,-62.410183,-31.859406,2023-03-08T15:48:16.833Z
414,414,-62.315524,-31.860260,2023-03-08T15:48:16.833Z
415,415,-62.456276,-31.883270,2023-03-08T15:48:16.833Z
416,416,-62.279246,-31.936505,2023-03-08T15:48:16.833Z
417,417,-62.468752,-31.875253,2023-03-08T15:48:16.833Z
418,418,-62.464041,-31.875734,2023-03-08T15:48:16.833Z
419,419,-62.335336,-31.891185,2023-03-08T15:48:16.833Z
420,420,-62.404815,-31.877981,2023-03-08T15:48:16.833Z
421,421,-62.349131,-31.906107,2023-03-08T15:48:16.833Z
422,422,-62.383235,-31.889414,2023-03-08T15:48:16.833Z
423,423,-62.307499,-31.883548,2023-03-08T15:48:16.833Z
424,424,-62.428913,-31.928462,2023-03-08T15:48:16.833Z
425,425,-62.459460,-31.856831,2023-03-08T15:48:16.833Z
426,426,-62.362527,-31.885629,2023-03-08T15:48:16.833Z
427,427,-62.416160,-31.869477,2023-03-08T15:48:16.833Z
428,428,-62.333679,-31.951939,2023-03-08T15:48:16.833Z
429,429,-62.287627,-31.857748,2023-03-08T15:48:16.833Z
430,430,-62.310934,-31.933141,2023-03-08T15:48:16.833Z
431,431,-62.389179,-31.923216,2023-03-08T15:48:16.833Z
432,432,-62.425904,-31.849117,2023-03-08T15:48:16.833Z
433,433,-62.409357,-31.882357,2023-03-08T15:48:16.833Z
434,434,-62.423863,-31.842112,2023-03-08T15:48:16.833Z
435,435,-62.408017,-31.864503,2023-03-08T15:48:16.833Z
436,436,-62.467686,-31.913344,2023-03-08T15:48:16.833Z
437,437,-62.372965,-31.892273,2023-03-08T15:48:16.833Z
438,438,-62.389308,-31.861775,2023-03-08T15:48:16.833Z
439,439,-62.438140,-31.912902,2023-03-08T15:48:16.833Z
440,440,-62.340088,-31.896999,2023-03-08T15:48:16.833Z
441,441,-62.421630,-31.897298,2023-03-08T15:48:16.833Z
442,442,-62.302898,-31.902857,2023-03-08T15:48:16.833Z
443,443,-62.294548,-31.864921,2023-03-08T15:48:16.833Z
444,444,-62.366714,-31.835913,2023-03-08T15:48:16.833Z
445,445,-62.286442,-31.910575,2023-03-08T15:48:16.833Z
446,446,-62.287138,-31.944793,2023-03-08T15:48:16.833Z
447,447,-62.286027,-31.929269,2023-03-08T15:48:16.833Z
448,448,-62.381132,-31.854735,2023-03-08T15:48:16.833Z
449,449,-62.334960,-31.941215,2023-03-08T15:48:16.833Z
450,450,-62.352148,-31.939806,2023-03-08T15:48:16.833Z
451,451,-62.312753,-31.893804,2023-03-08T15:48:16.833Z
452,452,-62.399888,-31.944999,2023-03-08T15:48:16.833Z
453,453,-62.399334,-31.942208,2023-03-08T15:48:16.833Z
454,454,-62.310441,-31.899803,2023-03-08T15:48:16.833Z
455,455,-62.356628,-31.939753,2023-03-08T15:48:16.833Z
456,456,-62.369736,-31.898564,2023-03-08T15:48:16.833Z
457,457,-62.339435,-31.861800,2023-03-08T15:48:16.833Z
458,458,-62.419838,-31.843520,2023-03-08T15:48:16.833Z
459,459,-62.328980,-31.942222,2023-03-08T15:48:16.833Z
460,460,-62.359244,-31.879742,2023-03-08T15:48:16.833Z
461,461,-62.443440,-31.924955,2023-03-08T15:48:16.833Z
462,462,-62.326030,-31.839646,2023-03-08T15:48:16.833Z
463,463,-62.461831,-31.877803,2023-03-08T15:48:16.833Z
464,464,-62.469916,-31.853340,2023-03-08T15:48:16.833Z
465,465,-62.409581,-31.868510,2023-03-08T15:48:16.833Z
466,466,-62.292716,-31.939632,2023-03-08T15:48:16.833Z
467,467,-62.438159,-31.855351,2023-03-08T15:48:16.833Z
468,468,-62.321591,-31.907856,2023-03-08T15:48:16.833Z
469,469,-62.455127,-31.897812,2023-03-08T15:48:16.833Z
470,470,-62.417105,-31.928531,2023-03-08T15:48:16.833Z
471,471,-62.472231,-31.922009,2023-03-08T15:48:16.833Z
472,472,-62.357636,-31.842634,2023-03-08T15:48:16.833Z
473,473,-62.427672,-31.911813,2023-03-08T15:48:16.833Z
474,474,-62.370518,-31.890679,2023-03-08T15:48:16.833Z
475,475,-62.335344,-31.875999,2023-03-08T15:48:16.833Z
476,476,-62.423072,-31.868335,2023-03-08T15:48:16.833Z
477,477,-62.378781,-31.894428,2023-03-08T15:48:16.833Z
478,478,-62.322453,-31.914254,2023-03-08T15:48:16.833Z
479,479,-62.314232,-31.864817,2023-03-08T15:48:16.833Z
480,480,-62.325345,-31.856025,2023-03-08T15:48:16.833Z
481,481,-62.382632,-31.900779,2023-03-08T15:48:16.833Z
482,482,-62.314396,-31.943131,2023-03-08T15:48:16.833Z
483,483,-62.458388,-31.935475,2023-03-08T15:48:16.833Z
484,484,-62.437538,-31.843272,2023-03-08T15:48:16.833Z
485,485,-62.453731,-31.882608,2023-03-08T15:48:16.833Z
486,486,-62.425127,-31.905152,2023-03-08T15:48:16.833Z
487,487,-62.351268,-31.922786,2023-03-08T15:48:16.833Z
488,488,-62.462673,-31.923967,2023-03-08T15:48:16.833Z
489,489,-62.293212,-31.937806,2023-03-08T15:48:16.833Z
490,490,-62.429827,-31.932253,2023-03-08T15:48:16.833Z
491,491,-62.462980,-31.837714,2023-03-08T15:48:16.833Z
492,492,-62.349307,-31.928679,2023-03-08T15:48:16.833Z
493,493,-62.302420,-31.863374,2023-03-08T15:48:16.833Z
494,494,-62.431607,-31.842458,2023-03-08T15:48:16.833Z
495,495,-62.461223,-31.937210,2023-03-08T15:48:16.833Z
496,496,-62.338820,-31.940644,2023-03-08T15:48:16.833Z
497,497,-62.342460,-31.885263,2023-03-08T15:48:16.833Z
498,498,-62.468505,-31.938113,2023-03-08T15:48:16.833Z
499,499,-62.376231,-31.879655,2023-03-08T15:48:16.833Z
500,500,-62.346749,-31.901132,2023-03-08T15:48:16.833Z
501,501,-62.328764,-31.882263,2023-03-08T15:48:16.833Z
502,502,-62.315154,-31.862027,2023-03-08T15:48:16.833Z
503,503,-62.273720,-31.838997,2023-03-08T15:48:16.833Z
504,504,-62.462089,-31.937647,2023-03-08T15:48:16.833Z
505,505,-62.298458,-31.863624,2023-03-08T15:48:16.833Z
506,506,-62.409827,-31.921944,2023-03-08T15:48:16.833Z
507,507,-62.349061,-31.877371,2023-03-08T15:48:16.833Z
508,508,-62.279915,-31.839143,2023-03-08T15:48:16.833Z
509,509,-62.289781,-31.896779,2023-03-08T15:48:16.833Z
510,510,-62.341135,-31.889982,2023-03-08T15:48:16.833Z
511,511,-62.348824,-31.896546,2023-03-08T15:48:16.833Z
512,512,-62.451564,-31.844150,2023-03-08T15:48:16.833Z
513,513,-62.423027,-31.890253,2023-03-08T15:48:16.833Z
514,514,-62.434034,-31.935913,2023-03-08T15:48:16.833Z
515,515,-62.463870,-31.836232,2023-03-08T15:48:16.833Z
516,516,-62.378589,-31.907115,2023-03-08T15:48:16.833Z
517,517,-62.305331,-31.860160,2023-03-08T15:48:16.833Z
518,518,-62.296538,-31.862651,2023-03-08T15:48:16.833Z
519,519,-62.446743,-31.951338,2023-03-08T15:48:16.833Z
520,520,-62.449235,-31.870909,2023-03-08T15:48:16.833Z
521,521,-62.400684,-31.916209,2023-03-08T15:48:16.833Z
522,522,-62.372578,-31.916645,2023-03-08T15:48:16.833Z
523,523,-62.446226,-31.946192,2023-03-08T15:48:16.833Z
524,524,-62.452829,-31.905681,2023-03-08T15:48:16.833Z
525,525,-62.272421,-31.932965,2023-03-08T15:48:16.833Z
526,526,-62.302256,-31.893089,2023-03-08T15:48:16.833Z
527,527,-62.408147,-31.907564,2023-03-08T15:48:16.833Z
528,528,-62.452718,-31.918441,2023-03-08T15:48:16.833Z
529,529,-62.284197,-31.858529,2023-03-08T15:48:16.833Z
530,530,-62.376122,-31.843920,2023-03-08T15:48:16.833Z
531,531,-62.428339,-31.840836,2023-03-08T15:48:16.833Z
532,532,-62.434629,-31.940616,2023-03-08T15:48:16.833Z
533,533,-62.464003,-31.911767,2023-03-08T15:48:16.833Z
534,534,-62.350197,-31.918157,2023-03-08T15:48:16.833Z
535,535,-62.401413,-31.843570,2023-03-08T15:48:16.833Z
536,536,-62.397253,-31.949549,2023-03-08T15:48:16.833Z
537,537,-62.361786,-31.924583,2023-03-08T15:48:16.833Z
538,538,-62.457623,-31.913401,2023-03-08T15:48:16.833Z
539,539,-62.427155,-31.933088,2023-03-08T15:48:16.833Z
540,540,-62.373587,-31.872213,2023-03-08T15:48:16.833Z
541,541,-62.470491,-31.891358,2023-03-08T15:48:16.833Z
542,542,-62.420031,-31.940012,2023-03-08T15:48:16.833Z
543,543,-62.378335,-31.869527,2023-03-08T15:48:16.833Z
544,544,-62.471307,-31.937186,2023-03-08T15:48:16.833Z
545,545,-62.335425,-31.869697,2023-03-08T15:48:16.833Z
546,546,-62.286669,-31.906333,2023-03-08T15:48:16.833Z
547,547,-62.422140,-31.896591,2023-03-08T15:48:16.833Z
548,548,-62.397181,-31.902115,2023-03-08T15:48:16.833Z
549,549,-62.456288,-31.861803,2023-03-08T15:48:16.833Z
550,550,-62.363761,-31.925965,2023-03-08T15:48:16.833Z
551,551,-62.434307,-31.881762,2023-03-08T15:48:16.833Z
552,552,-62.337868,-31.867090,2023-03-08T15:48:16.833Z
553,553,-62.449495,-31.865074,2023-03-08T15:48:16.833Z
554,554,-62.453825,-31.857500,2023-03-08T15:48:16.833Z
555,555,-62.416814,-31.835944,2023-03-08T15:48:16.833Z
556,556,-62.330180,-31.933259,2023-03-08T15:48:16.833Z
557,557,-62.349125,-31.932709,2023-03-08T15:48:16.833Z
558,558,-62.275920,-31.894769,2023-03-08T15:48:16.833Z
559,559,-62.321700,-31.918519,2023-03-08T15:48:16.833Z
560,560,-62.341917,-31.937600,2023-03-08T15:48:16.833Z
561,561,-62.370791,-31.838046,2023-03-08T15:48:16.833Z
562,562,-62.348232,-31.868018,2023-03-08T15:48:16.833Z
563,563,-62.315660,-31.859280,2023-03-08T15:48:16.833Z
564,564,-62.433167,-31.891090,2023-03-08T15:48:16.833Z
565,565,-62.286983,-31.852764,2023-03-08T15:48:16.833Z
566,566,-62.377109,-31.949453,2023-03-08T15:48:16.833Z
567,567,-62.349648,-31.837128,2023-03-08T15:48:16.833Z
568,568,-62.284300,-31.853351,2023-03-08T15:48:16.833Z
569,569,-62.411206,-31.948466,2023-03-08T15:48:16.833Z
570,570,-62.395070,-31.859614,2023-03-08T15:48:16.833Z
571,571,-62.441803,-31.852602,2023-03-08T15:48:16.833Z
572,572,-62.339901,-31.841660,2023-03-08T15:48:16.833Z
573,573,-62.468276,-31.903075,2023-03-08T15:48:16.833Z
574,574,-62.401408,-31.868175,2023-03-08T15:48:16.833Z
575,575,-62.459312,-31.869638,2023-03-08T15:48:16.833Z
576,576,-62.346370,-31.843536,2023-03-08T15:48:16.833Z
577,577,-62.375214,-31.910310,2023-03-08T15:48:16.833Z
578,578,-62.305599,-31.950556,2023-03-08T15:48:16.833Z
579,579,-62.351511,-31.930635,2023-03-08T15:48:16.833Z
580,580,-62.379656,-31.896752,2023-03-08T15:48:16.833Z
581,581,-62.361388,-31.864067,2023-03-08T15:48:16.833Z
582,582,-62.296848,-31.868696,2023-03-08T15:48:16.833Z
583,583,-62.441859,-31.905653,2023-03-08T15:48:16.833Z
584,584,-62.304056,-31.885686,2023-03-08T15:48:16.833Z
585,585,-62.297123,-31.946511,2023-03-08T15:48:16.833Z
586,586,-62.297844,-31.873576,2023-03-08T15:48:16.833Z
587,587,-62.422527,-31.843971,2023-03-08T15:48:16.833Z
588,588,-62.443532,-31.836659,2023-03-08T15:48:16.833Z
589,589,-62.279956,-31.942748,2023-03-08T15:48:16.833Z
590,590,-62.312981,-31.901217,2023-03-08T15:48:16.833Z
591,591,-62.281225,-31.941203,2023-03-08T15:48:16.833Z
592,592,-62.388114,-31.863960,2023-03-08T15:48:16.833Z
593,593,-62.336620,-31.902022,2023-03-08T15:48:16.834Z
594,594,-62.411236,-31.943027,2023-03-08T15:48:16.834Z
595,595,-62.282940,-31.899093,2023-03-08T15:48:16.834Z
596,596,-62.411136,-31.837677,2023-03-08T15:48:16.834Z
597,597,-62.339407,-31.950946,2023-03-08T15:48:16.834Z
598,598,-62.443118,-31.848829,2023-03-08T15:48:16.834Z
599,599,-62.405732,-31.931991,2023-03-08T15:48:16.834Z
600,600,-62.355295,-31.838605,2023-03-08T15:48:16.834Z
601,601,-62.284101,-31.855586,2023-03-08T15:48:16.834Z
602,602,-62.427704,-31.930929,2023-03-08T15:48:16.834Z
603,603,-62.320246,-31.836366,2023-03-08T15:48:16.834Z
604,604,-62.406481,-31.861978,2023-03-08T15:48:16.834Z
605,605,-62.469796,-31.943130,2023-03-08T15:48:16.834Z
606,606,-62.340526,-31.911609,2023-03-08T15:48:16.834Z
607,607,-62.396641,-31.941679,2023-03-08T15:48:16.834Z
608,608,-62.328975,-31.933305,2023-03-08T15:48:16.834Z
609,609,-62.392233,-31.941238,2023-03-08T15:48:16.834Z
610,610,-62.437670,-31.844542,2023-03-08T15:48:16.834Z
611,611,-62.308766,-31.952053,2023-03-08T15:48:16.834Z
612,612,-62.408958,-31.919590,2023-03-08T15:48:16.834Z
613,613,-62.357273,-31.836826,2023-03-08T15:48:16.834Z
614,614,-62.421727,-31.897461,2023-03-08T15:48:16.834Z
615,615,-62.455963,-31.847564,2023-03-08T15:48:16.834Z
616,616,-62.322927,-31.881907,2023-03-08T15:48:16.834Z
617,617,-62.471058,-31.839756,2023-03-08T15:48:16.834Z
618,618,-62.341432,-31.904634,2023-03-08T15:48:16.834Z
619,619,-62.431015,-31.914031,2023-03-08T15:48:16.834Z
620,620,-62.290606,-31.877843,2023-03-08T15:48:16.834Z
621,621,-62.433231,-31.849927,2023-03-08T15:48:16.834Z
622,622,-62.369420,-31.863709,2023-03-08T15:48:16.834Z
623,623,-62.390519,-31.893111,2023-03-08T15:48:16.834Z
624,624,-62.411143,-31.894739,2023-03-08T15:48:16.834Z
625,625,-62.398395,-31.882930,2023-03-08T15:48:16.834Z
626,626,-62.286016,-31.865977,2023-03-08T15:48:16.834Z
627,627,-62.406174,-31.838106,2023-03-08T15:48:16.834Z
628,628,-62.457174,-31.884664,2023-03-08T15:48:16.834Z
629,629,-62.430159,-31.919603,2023-03-08T15:48:16.834Z
630,630,-62.326353,-31.890865,2023-03-08T15:48:16.834Z
631,631,-62.355804,-31.882012,2023-03-08T15:48:16.834Z
632,632,-62.335529,-31.850648,2023-03-08T15:48:16.834Z
633,633,-62.353440,-31.870166,2023-03-08T15:48:16.834Z
634,634,-62.358475,-31.849897,2023-03-08T15:48:16.834Z
635,635,-62.359677,-31.916445,2023-03-08T15:48:16.834Z
636,636,-62.353772,-31.906322,2023-03-08T15:48:16.834Z
637,637,-62.318442,-31.924418,2023-03-08T15:48:16.834Z
638,638,-62.368853,-31.900472,2023-03-08T15:48:16.834Z
639,639,-62.313734,-31.867113,2023-03-08T15:48:16.834Z
640,640,-62.400791,-31.938319,2023-03-08T15:48:16.834Z
641,641,-62.284393,-31.908139,2023-03-08T15:48:16.834Z
642,642,-62.382881,-31.843307,2023-03-08T15:48:16.834Z
643,643,-62.292899,-31.869026,2023-03-08T15:48:16.834Z
644,644,-62.317918,-31.892514,2023-03-08T15:48:16.834Z
645,645,-62.338589,-31.931234,2023-03-08T15:48:16.834Z
646,646,-62.361735,-31.876688,2023-03-08T15:48:16.834Z
647,647,-62.289952,-31.892455,2023-03-08T15:48:16.834Z
648,648,-62.353148,-31.871128,2023-03-08T15:48:16.834Z
649,649,-62.427176,-31.855766,2023-03-08T15:48:16.834Z
650,650,-62.336617,-31.947443,2023-03-08T15:48:16.834Z
651,651,-62.343708,-31.863913,2023-03-08T15:48:16.834Z
652,652,-62.307017,-31.841248,2023-03-08T15:48:16.834Z
653,653,-62.367994,-31.864289,2023-03-08T15:48:16.834Z
654,654,-62.328300,-31.851410,2023-03-08T15:48:16.834Z
655,655,-62.284208,-31.841654,2023-03-08T15:48:16.834Z
656,656,-62.332673,-31.844993,2023-03-08T15:48:16.834Z
657,657,-62.459228,-31.901295,2023-03-08T15:48:16.834Z
658,658,-62.348069,-31.836481,2023-03-08T15:48:16.834Z
659,659,-62.453814,-31.915370,2023-03-08T15:48:16.834Z
660,660,-62.431552,-31.864507,2023-03-08T15:48:16.834Z
661,661,-62.410700,-31.918611,2023-03-08T15:48:16.834Z
662,662,-62.386398,-31.867514,2023-03-08T15:48:16.834Z
663,663,-62.352288,-31.910158,2023-03-08T15:48:16.834Z
664,664,-62.375643,-31.927611,2023-03-08T15:48:16.834Z
665,665,-62.396050,-31.896103,2023-03-08T15:48:16.834Z
666,666,-62.277070,-31.855497,2023-03-08T15:48:16.834Z
667,667,-62.386889,-31.943976,2023-03-08T15:48:16.834Z
668,668,-62.327282,-31.940387,2023-03-08T15:48:16.834Z
669,669,-62.451404,-31.843717,2023-03-08T15:48:16.834Z
670,670,-62.377423,-31.844242,2023-03-08T15:48:16.834Z
671,671,-62.430890,-31.844661,2023-03-08T15:48:16.834Z
672,672,-62.358341,-31.919892,2023-03-08T15:48:16.834Z
673,673,-62.421466,-31.925324,2023-03-08T15:48:16.834Z
674,674,-62.342728,-31.901795,2023-03-08T15:48:16.834Z
675,675,-62.423628,-31.919433,2023-03-08T15:48:16.834Z
676,676,-62.348146,-31.869733,2023-03-08T15:48:16.834Z
677,677,-62.275835,-31.943537,2023-03-08T15:48:16.834Z
678,678,-62.288211,-31.854847,2023-03-08T15:48:16.834Z
679,679,-62.442178,-31.915935,2023-03-08T15:48:16.834Z
680,680,-62.401496,-31.881721,2023-03-08T15:48:16.834Z
681,681,-62.421370,-31.856894,2023-03-08T15:48:16.834Z
682,682,-62.349036,-31.885142,2023-03-08T15:48:16.834Z
683,683,-62.356313,-31.941891,2023-03-08T15:48:16.834Z
684,684,-62.297907,-31.898764,2023-03-08T15:48:16.834Z
685,685,-62.346275,-31.879286,2023-03-08T15:48:16.834Z
686,686,-62.425921,-31.936695,2023-03-08T15:48:16.834Z
687,687,-62.313151,-31.876142,2023-03-08T15:48:16.834Z
688,688,-62.332809,-31.863481,2023-03-08T15:48:16.834Z
689,689,-62.386185,-31.872568,2023-03-08T15:48:16.834Z
690,690,-62.441710,-31.885506,2023-03-08T15:48:16.834Z
691,691,-62.364266,-31.856217,2023-03-08T15:48:16.834Z
692,692,-62.424187,-31.899474,2023-03-08T15:48:16.834Z
693,693,-62.381839,-31.941157,2023-03-08T15:48:16.834Z
694,694,-62.384688,-31.904189,2023-03-08T15:48:16.834Z
695,695,-62.419970,-31.890539,2023-03-08T15:48:16.834Z
696,696,-62.341821,-31.926486,2023-03-08T15:48:16.834Z
697,697,-62.339949,-31.900761,2023-03-08T15:48:16.834Z
698,698,-62.439742,-31.921297,2023-03-08T15:48:16.834Z
699,699,-62.388622,-31.924605,2023-03-08T15:48:16.834Z
700,700,-62.420631,-31.950297,2023-03-08T15:48:16.834Z
701,701,-62.287637,-31.889455,2023-03-08T15:48:16.834Z
702,702,-62.384051,-31.850889,2023-03-08T15:48:16.834Z
703,703,-62.404587,-31.916446,2023-03-08T15:48:16.834Z
704,704,-62.415890,-31.951004,2023-03-08T15:48:16.834Z
705,705,-62.448062,-31.890328,2023-03-08T15:48:16.834Z
706,706,-62.427420,-31.881896,2023-03-08T15:48:16.834Z
707,707,-62.330810,-31.915182,2023-03-08T15:48:16.834Z
708,708,-62.316844,-31.913817,2023-03-08T15:48:16.834Z
709,709,-62.296560,-31.855233,2023-03-08T15:48:16.834Z
710,710,-62.433274,-31.876483,2023-03-08T15:48:16.834Z
711,711,-62.397198,-31.916112,2023-03-08T15:48:16.834Z
712,712,-62.324038,-31.865684,2023-03-08T15:48:16.834Z
713,713,-62.391075,-31.901502,2023-03-08T15:48:16.834Z
714,714,-62.339903,-31.912891,2023-03-08T15:48:16.834Z
715,715,-62.389605,-31.942165,2023-03-08T15:48:16.834Z
716,716,-62.348269,-31.930795,2023-03-08T15:48:16.834Z
717,717,-62.346533,-31.923060,2023-03-08T15:48:16.834Z
718,718,-62.283540,-31.858828,2023-03-08T15:48:16.834Z
719,719,-62.300137,-31.847926,2023-03-08T15:48:16.834Z
720,720,-62.304318,-31.848279,2023-03-08T15:48:16.834Z
721,721,-62.349863,-31.939991,2023-03-08T15:48:16.834Z
722,722,-62.436921,-31.906807,2023-03-08T15:48:16.834Z
723,723,-62.278754,-31.891475,2023-03-08T15:48:16.834Z
724,724,-62.290362,-31.896155,2023-03-08T15:48:16.834Z
725,725,-62.454194,-31.858336,2023-03-08T15:48:16.834Z
726,726,-62.382030,-31.885560,2023-03-08T15:48:16.834Z
727,727,-62.297739,-31.877239,2023-03-08T15:48:16.834Z
728,728,-62.368310,-31.889214,2023-03-08T15:48:16.834Z
729,729,-62.442336,-31.877879,2023-03-08T15:48:16.834Z
730,730,-62.320303,-31.879460,2023-03-08T15:48:16.834Z
731,731,-62.363903,-31.924516,2023-03-08T15:48:16.834Z
732,732,-62.356958,-31.946354,2023-03-08T15:48:16.834Z
733,733,-62.358992,-31.898796,2023-03-08T15:48:16.834Z
734,734,-62.462406,-31.925918,2023-03-08T15:48:16.834Z
735,735,-62.363463,-31.857128,2023-03-08T15:48:16.834Z
736,736,-62.319501,-31.881788,2023-03-08T15:48:16.834Z
737,737,-62.462049,-31.947358,2023-03-08T15:48:16.834Z
738,738,-62.338664,-31.847961,2023-03-08T15:48:16.834Z
739,739,-62.386619,-31.864053,2023-03-08T15:48:16.834Z
740,740,-62.403215,-31.876970,2023-03-08T15:48:16.834Z
741,741,-62.314994,-31.875829,2023-03-08T15:48:16.834Z
742,742,-62.461141,-31.868667,2023-03-08T15:48:16.834Z
743,743,-62.358331,-31.919964,2023-03-08T15:48:16.834Z
744,744,-62.372878,-31.879718,2023-03-08T15:48:16.834Z
745,745,-62.286237,-31.933327,2023-03-08T15:48:16.834Z
746,746,-62.418340,-31.860215,2023-03-08T15:48:16.834Z
747,747,-62.395834,-31.905055,2023-03-08T15:48:16.834Z
748,748,-62.390031,-31.931042,2023-03-08T15:48:16.834Z
749,749,-62.408902,-31.854565,2023-03-08T15:48:16.834Z
750,750,-62.382113,-31.926758,2023-03-08T15:48:16.834Z
751,751,-62.421353,-31.870244,2023-03-08T15:48:16.834Z
752,752,-62.299021,-31.835827,2023-03-08T15:48:16.834Z
753,753,-62.336592,-31.873964,2023-03-08T15:48:16.834Z
754,754,-62.401572,-31.946916,2023-03-08T15:48:16.834Z
755,755,-62.293193,-31.939036,2023-03-08T15:48:16.834Z
756,756,-62.394159,-31.872272,2023-03-08T15:48:16.834Z
757,757,-62.298217,-31.882558,2023-03-08T15:48:16.834Z
758,758,-62.298082,-31.921507,2023-03-08T15:48:16.834Z
759,759,-62.466932,-31.896137,2023-03-08T15:48:16.834Z
760,760,-62.470602,-31.857536,2023-03-08T15:48:16.834Z
761,761,-62.404690,-31.926829,2023-03-08T15:48:16.834Z
762,762,-62.439631,-31.907144,2023-03-08T15:48:16.834Z
763,763,-62.307627,-31.950979,2023-03-08T15:48:16.834Z
764,764,-62.453909,-31.853465,2023-03-08T15:48:16.834Z
765,765,-62.309644,-31.916902,2023-03-08T15:48:16.834Z
766,766,-62.365743,-31.929699,2023-03-08T15:48:16.834Z
767,767,-62.283376,-31.854545,2023-03-08T15:48:16.834Z
768,768,-62.469133,-31.902643,2023-03-08T15:48:16.834Z
769,769,-62.455040,-31.855059,2023-03-08T15:48:16.834Z
770,770,-62.446686,-31.939964,2023-03-08T15:48:16.834Z
771,771,-62.428922,-31.869311,2023-03-08T15:48:16.834Z
772,772,-62.355491,-31.877142,2023-03-08T15:48:16.834Z
773,773,-62.435648,-31.904803,2023-03-08T15:48:16.834Z
774,774,-62.392110,-31.866638,2023-03-08T15:48:16.834Z
775,775,-62.416486,-31.911029,2023-03-08T15:48:16.834Z
776,776,-62.332056,-31.906314,2023-03-08T15:48:16.834Z
777,777,-62.321603,-31.847635,2023-03-08T15:48:16.834Z
778,778,-62.375430,-31.949099,2023-03-08T15:48:16.834Z
779,779,-62.388187,-31.913720,2023-03-08T15:48:16.834Z
780,780,-62.408177,-31.896424,2023-03-08T15:48:16.834Z
781,781,-62.298011,-31.869532,2023-03-08T15:48:16.834Z
782,782,-62.361908,-31.896525,2023-03-08T15:48:16.834Z
783,783,-62.378698,-31.873540,2023-03-08T15:48:16.834Z
784,784,-62.435752,-31.942944,2023-03-08T15:48:16.834Z
785,785,-62.415427,-31.852839,2023-03-08T15:48:16.834Z
786,786,-62.401612,-31.899474,2023-03-08T15:48:16.834Z
787,787,-62.424282,-31.884285,2023-03-08T15:48:16.834Z
788,788,-62.436911,-31.868335,2023-03-08T15:48:16.834Z
789,789,-62.380265,-31.941525,2023-03-08T15:48:16.834Z
790,790,-62.429549,-31.855987,2023-03-08T15:48:16.834Z
791,791,-62.375015,-31.842004,2023-03-08T15:48:16.834Z
792,792,-62.405038,-31.853751,2023-03-08T15:48:16.834Z
793,793,-62.388073,-31.915176,2023-03-08T15:48:16.834Z
794,794,-62.312354,-31.905295,2023-03-08T15:48:16.834Z
795,795,-62.395748,-31.878883,2023-03-08T15:48:16.834Z
796,796,-62.277796,-31.879144,2023-03-08T15:48:16.834Z
797,797,-62.432189,-31.906156,2023-03-08T15:48:16.834Z
798,798,-62.332443,-31.891096,2023-03-08T15:48:16.834Z
799,799,-62.284083,-31.933771,2023-03-08T15:48:16.834Z
800,800,-62.327398,-31.910094,2023-03-08T15:48:16.834Z
801,801,-62.423486,-31.946938,2023-03-08T15:48:16.834Z
802,802,-62.277300,-31.890595,2023-03-08T15:48:16.834Z
803,803,-62.364326,-31.902868,2023-03-08T15:48:16.834Z
804,804,-62.293628,-31.934282,2023-03-08T15:48:16.834Z
805,805,-62.443517,-31.882629,2023-03-08T15:48:16.834Z
806,806,-62.397817,-31.886465,2023-03-08T15:48:16.834Z
807,807,-62.331786,-31.945783,2023-03-08T15:48:16.834Z
808,808,-62.447004,-31.884488,2023-03-08T15:48:16.834Z
809,809,-62.383855,-31.921885,2023-03-08T15:48:16.834Z
810,810,-62.278165,-31.864822,2023-03-08T15:48:16.834Z
811,811,-62.457746,-31.932545,2023-03-08T15:48:16.834Z
812,812,-62.398951,-31.904646,2023-03-08T15:48:16.834Z
813,813,-62.447654,-31.875952,2023-03-08T15:48:16.834Z
814,814,-62.419073,-31.935262,2023-03-08T15:48:16.834Z
815,815,-62.303587,-31.911933,2023-03-08T15:48:16.834Z
816,816,-62.444204,-31.866172,2023-03-08T15:48:16.834Z
817,817,-62.469881,-31.883242,2023-03-08T15:48:16.834Z
818,818,-62.418115,-31.855093,2023-03-08T15:48:16.834Z
819,819,-62.400688,-31.928803,2023-03-08T15:48:16.834Z
820,820,-62.325343,-31.914710,2023-03-08T15:48:16.834Z
821,821,-62.355044,-31.877338,2023-03-08T15:48:16.834Z
822,822,-62.330300,-31.877609,2023-03-08T15:48:16.834Z
823,823,-62.462693,-31.941271,2023-03-08T15:48:16.834Z
824,824,-62.399995,-31.891653,2023-03-08T15:48:16.834Z
825,825,-62.301821,-31.899989,2023-03-08T15:48:16.834Z
826,826,-62.328794,-31.918337,2023-03-08T15:48:16.834Z
827,827,-62.306253,-31.885740,2023-03-08T15:48:16.834Z
828,828,-62.326080,-31.920002,2023-03-08T15:48:16.834Z
829,829,-62.321552,-31.898264,2023-03-08T15:48:16.834Z
830,830,-62.389307,-31.929804,2023-03-08T15:48:16.834Z
831,831,-62.402854,-31.871409,2023-03-08T15:48:16.834Z
832,832,-62.451202,-31.879309,2023-03-08T15:48:16.834Z
833,833,-62.450558,-31.899399,2023-03-08T15:48:16.834Z
834,834,-62.326064,-31.863940,2023-03-08T15:48:16.834Z
835,835,-62.351320,-31.854951,2023-03-08T15:48:16.834Z
836,836,-62.449404,-31.910553,2023-03-08T15:48:16.834Z
837,837,-62.387018,-31.897792,2023-03-08T15:48:16.834Z
838,838,-62.308930,-31.929644,2023-03-08T15:48:16.834Z
839,839,-62.376983,-31.904860,2023-03-08T15:48:16.834Z
840,840,-62.286918,-31.940115,2023-03-08T15:48:16.834Z
841,841,-62.386086,-31.867193,2023-03-08T15:48:16.834Z
842,842,-62.293831,-31.944871,2023-03-08T15:48:16.834Z
843,843,-62.328090,-31.921669,2023-03-08T15:48:16.834Z
844,844,-62.414144,-31.873423,2023-03-08T15:48:16.834Z
845,845,-62.461761,-31.890307,2023-03-08T15:48:16.834Z
846,846,-62.286710,-31.863698,2023-03-08T15:48:16.834Z
847,847,-62.430921,-31.911018,2023-03-08T15:48:16.834Z
848,848,-62.353570,-31.882049,2023-03-08T15:48:16.834Z
849,849,-62.383665,-31.911849,2023-03-08T15:48:16.834Z
850,850,-62.454068,-31.903473,2023-03-08T15:48:16.834Z
851,851,-62.398567,-31.839627,2023-03-08T15:48:16.834Z
852,852,-62.388675,-31.853013,2023-03-08T15:48:16.834Z
853,853,-62.370004,-31.890389,2023-03-08T15:48:16.834Z
854,854,-62.309783,-31.944978,2023-03-08T15:48:16.834Z
855,855,-62.351279,-31.915228,2023-03-08T15:48:16.834Z
856,856,-62.385993,-31.886267,2023-03-08T15:48:16.834Z
857,857,-62.343544,-31.917392,2023-03-08T15:48:16.834Z
858,858,-62.376667,-31.854231,2023-03-08T15:48:16.834Z
859,859,-62.337710,-31.838281,2023-03-08T15:48:16.834Z
860,860,-62.303356,-31.847121,2023-03-08T15:48:16.834Z
861,861,-62.310195,-31.864041,2023-03-08T15:48:16.834Z
862,862,-62.289763,-31.951425,2023-03-08T15:48:16.834Z
863,863,-62.294316,-31.936017,2023-03-08T15:48:16.834Z
864,864,-62.438044,-31.949913,2023-03-08T15:48:16.834Z
865,865,-62.434373,-31.868430,2023-03-08T15:48:16.834Z
866,866,-62.273694,-31.856984,2023-03-08T15:48:16.834Z
867,867,-62.450701,-31.917611,2023-03-08T15:48:16.834Z
868,868,-62.347902,-31.897529,2023-03-08T15:48:16.834Z
869,869,-62.323000,-31.919493,2023-03-08T15:48:16.834Z
870,870,-62.291187,-31.893621,2023-03-08T15:48:16.834Z
871,871,-62.405445,-31.949983,2023-03-08T15:48:16.834Z
872,872,-62.403294,-31.844754,2023-03-08T15:48:16.834Z
873,873,-62.422777,-31.913463,2023-03-08T15:48:16.834Z
874,874,-62.343540,-31.861627,2023-03-08T15:48:16.834Z
875,875,-62.310498,-31.849532,2023-03-08T15:48:16.834Z
876,876,-62.315414,-31.852444,2023-03-08T15:48:16.834Z
877,877,-62.321743,-31.893207,2023-03-08T15:48:16.834Z
878,878,-62.399548,-31.938934,2023-03-08T15:48:16.834Z
879,879,-62.463823,-31.950632,2023-03-08T15:48:16.834Z
880,880,-62.388850,-31.906734,2023-03-08T15:48:16.834Z
881,881,-62.426455,-31.926441,2023-03-08T15:48:16.834Z
882,882,-62.297055,-31.920916,2023-03-08T15:48:16.834Z
883,883,-62.446343,-31.937294,2023-03-08T15:48:16.834Z
884,884,-62.330633,-31.855335,2023-03-08T15:48:16.834Z
885,885,-62.458076,-31.940339,2023-03-08T15:48:16.834Z
886,886,-62.388651,-31.853711,2023-03-08T15:48:16.834Z
887,887,-62.287345,-31.844199,2023-03-08T15:48:16.834Z
888,888,-62.302317,-31.892402,2023-03-08T15:48:16.834Z
889,889,-62.345059,-31.889591,2023-03-08T15:48:16.834Z
890,890,-62.309841,-31.921156,2023-03-08T15:48:16.834Z
891,891,-62.412073,-31.889946,2023-03-08T15:48:16.834Z
892,892,-62.329092,-31.889946,2023-03-08T15:48:16.834Z
893,893,-62.393319,-31.861309,2023-03-08T15:48:16.834Z
894,894,-62.310759,-31.871880,2023-03-08T15:48:16.834Z
895,895,-62.355901,-31.948455,2023-03-08T15:48:16.834Z
896,896,-62.434526,-31.846560,2023-03-08T15:48:16.834Z
897,897,-62.397290,-31.885184,2023-03-08T15:48:16.834Z
898,898,-62.441990,-31.898282,2023-03-08T15:48:16.834Z
899,899,-62.354466,-31.911637,2023-03-08T15:48:16.834Z
900,900,-62.316409,-31.891689,2023-03-08T15:48:16.834Z
901,901,-62.277206,-31.918998,2023-03-08T15:48:16.834Z
902,902,-62.426988,-31.862298,2023-03-08T15:48:16.834Z
903,903,-62.283887,-31.934631,2023-03-08T15:48:16.834Z
904,904,-62.426694,-31.912602,2023-03-08T15:48:16.834Z
905,905,-62.395099,-31.942554,2023-03-08T15:48:16.834Z
906,906,-62.344636,-31.920165,2023-03-08T15:48:16.834Z
907,907,-62.410143,-31.938224,2023-03-08T15:48:16.834Z
908,908,-62.398353,-31.859927,2023-03-08T15:48:16.834Z
909,909,-62.442346,-31.910949,2023-03-08T15:48:16.834Z
910,910,-62.361429,-31.865299,2023-03-08T15:48:16.834Z
911,911,-62.403558,-31.893050,2023-03-08T15:48:16.834Z
912,912,-62.447185,-31.911134,2023-03-08T15:48:16.834Z
913,913,-62.459710,-31.859293,2023-03-08T15:48:16.834Z
914,914,-62.365728,-31.881588,2023-03-08T15:48:16.834Z
915,915,-62.449516,-31.896362,2023-03-08T15:48:16.834Z
916,916,-62.372446,-31.890993,2023-03-08T15:48:16.834Z
917,917,-62.274567,-31.864254,2023-03-08T15:48:16.834Z
918,918,-62.468130,-31.916187,2023-03-08T15:48:16.834Z
919,919,-62.379608,-31.861961,2023-03-08T15:48:16.834Z
920,920,-62.304660,-31.846492,2023-03-08T15:48:16.834Z
921,921,-62.416211,-31.941639,2023-03-08T15:48:16.834Z
922,922,-62.350960,-31.855665,2023-03-08T15:48:16.834Z
923,923,-62.466431,-31.901753,2023-03-08T15:48:16.834Z
924,924,-62.353544,-31.917465,2023-03-08T15:48:16.834Z
925,925,-62.386784,-31.911373,2023-03-08T15:48:16.834Z
926,926,-62.285468,-31.878594,2023-03-08T15:48:16.834Z
927,927,-62.422346,-31.874811,2023-03-08T15:48:16.834Z
928,928,-62.309222,-31.893420,2023-03-08T15:48:16.834Z
929,929,-62.450056,-31.915714,2023-03-08T15:48:16.834Z
930,930,-62.458084,-31.906102,2023-03-08T15:48:16.834Z
931,931,-62.314299,-31.942465,2023-03-08T15:48:16.834Z
932,932,-62.448707,-31.887370,2023-03-08T15:48:16.834Z
933,933,-62.323621,-31.895912,2023-03-08T15:48:16.834Z
934,934,-62.469701,-31.881159,2023-03-08T15:48:16.834Z
935,935,-62.322137,-31.924363,2023-03-08T15:48:16.834Z
936,936,-62.301053,-31.842054,2023-03-08T15:48:16.834Z
937,937,-62.444945,-31.892353,2023-03-08T15:48:16.834Z
938,938,-62.452342,-31.949648,2023-03-08T15:48:16.834Z
939,939,-62.427574,-31.939935,2023-03-08T15:48:16.834Z
940,940,-62.396779,-31.895598,2023-03-08T15:48:16.834Z
941,941,-62.365287,-31.870496,2023-03-08T15:48:16.834Z
942,942,-62.467515,-31.944996,2023-03-08T15:48:16.834Z
943,943,-62.376819,-31.938381,2023-03-08T15:48:16.834Z
944,944,-62.456799,-31.948955,2023-03-08T15:48:16.834Z
945,945,-62.410824,-31.919213,2023-03-08T15:48:16.834Z
946,946,-62.332239,-31.864176,2023-03-08T15:48:16.834Z
947,947,-62.336027,-31.854136,2023-03-08T15:48:16.834Z
948,948,-62.462804,-31.866287,2023-03-08T15:48:16.834Z
949,949,-62.454830,-31.865510,2023-03-08T15:48:16.834Z
950,950,-62.389924,-31.918235,2023-03-08T15:48:16.834Z
951,951,-62.277324,-31.950745,2023-03-08T15:48:16.834Z
952,952,-62.350076,-31.895811,2023-03-08T15:48:16.834Z
953,953,-62.323060,-31.907302,2023-03-08T15:48:16.834Z
954,954,-62.447815,-31.840628,2023-03-08T15:48:16.834Z
955,955,-62.354598,-31.908197,2023-03-08T15:48:16.834Z
956,956,-62.307863,-31.898218,2023-03-08T15:48:16.834Z
957,957,-62.452762,-31.947233,2023-03-08T15:48:16.834Z
958,958,-62.318718,-31.892502,2023-03-08T15:48:16.834Z
959,959,-62.307928,-31.923102,2023-03-08T15:48:16.834Z
960,960,-62.299897,-31.838386,2023-03-08T15:48:16.834Z
961,961,-62.318357,-31.915337,2023-03-08T15:48:16.834Z
962,962,-62.404214,-31.934808,2023-03-08T15:48:16.835Z
963,963,-62.330257,-31.912077,2023-03-08T15:48:16.835Z
964,964,-62.339287,-31.900735,2023-03-08T15:48:16.835Z
965,965,-62.327558,-31.863606,2023-03-08T15:48:16.835Z
966,966,-62.457708,-31.871468,2023-03-08T15:48:16.835Z
967,967,-62.288016,-31.841917,2023-03-08T15:48:16.835Z
968,968,-62.431973,-31.876672,2023-03-08T15:48:16.835Z
969,969,-62.426476,-31.948756,2023-03-08T15:48:16.835Z
970,970,-62.273142,-31.894128,2023-03-08T15:48:16.835Z
971,971,-62.313384,-31.860397,2023-03-08T15:48:16.835Z
972,972,-62.279374,-31.882414,2023-03-08T15:48:16.835Z
973,973,-62.424314,-31.850374,2023-03-08T15:48:16.835Z
974,974,-62.367129,-31.855026,2023-03-08T15:48:16.835Z
975,975,-62.417945,-31.945040,2023-03-08T15:48:16.835Z
976,976,-62.280216,-31.927409,2023-03-08T15:48:16.835Z
977,977,-62.413389,-31.836975,2023-03-08T15:48:16.835Z
978,978,-62.385709,-31.950860,2023-03-08T15:48:16.835Z
979,979,-62.327962,-31.847713,2023-03-08T15:48:16.835Z
980,980,-62.322472,-31.934636,2023-03-08T15:48:16.835Z
981,981,-62.459946,-31.850090,2023-03-08T15:48:16.835Z
982,982,-62.427995,-31.842685,2023-03-08T15:48:16.835Z
983,983,-62.324631,-31.883773,2023-03-08T15:48:16.835Z
984,984,-62.383923,-31.927648,2023-03-08T15:48:16.835Z
985,985,-62.465439,-31.926314,2023-03-08T15:48:16.835Z
986,986,-62.308158,-31.900223,2023-03-08T15:48:16.835Z
987,987,-62.363802,-31.859773,2023-03-08T15:48:16.835Z
988,988,-62.296404,-31.952128,2023-03-08T15:48:16.835Z
989,989,-62.334762,-31.870879,2023-03-08T15:48:16.835Z
990,990,-62.329213,-31.908376,2023-03-08T15:48:16.835Z
991,991,-62.447869,-31.950975,2023-03-08T15:48:16.835Z
992,992,-62.405924,-31.927145,2023-03-08T15:48:16.835Z
993,993,-62.355527,-31.869086,2023-03-08T15:48:16.835Z
994,994,-62.415622,-31.895484,2023-03-08T15:48:16.835Z
995,995,-62.321782,-31.936891,2023-03-08T15:48:16.835Z
996,996,-62.385223,-31.854017,2023-03-08T15:48:16.835Z
997,997,-62.354327,-31.941023,2023-03-08T15:48:16.835Z
998,998,-62.423403,-31.897591,2023-03-08T15:48:16.835Z
999,999,-62.364059,-31.904292,2023-03-08T15:48:16.835Z
1000,1000,-62.410051,-31.908948,2023-03-08T15:48:16.835Z